<?xml version="1.0" encoding="UTF-8"?>
<beans xmlns="http://www.springframework.org/schema/beans"
	xmlns:xsi="http://www.w3.org/2001/XMLSchema-instance" xmlns:context="http://www.springframework.org/schema/context"
	xmlns:mvc="http://www.springframework.org/schema/mvc"
	xsi:schemaLocation="http://www.springframework.org/schema/mvc http://www.springframework.org/schema/mvc/spring-mvc.xsd
		http://www.springframework.org/schema/beans http://www.springframework.org/schema/beans/spring-beans.xsd
		http://www.springframework.org/schema/context http://www.springframework.org/schema/context/spring-context.xsd">

	<!-- 启动注解驱动的Spring MVC功能，注册请求url和注解POJO类方法的映射 -->

	<!-- <mvc:annotation-driven/> -->
	<!-- 自动扫描且只扫描@Controller -->
	<context:component-scan base-package="com.ccnet"
		use-default-filters="false">
		<!-- 平台的controller，可以写多个 -->
		<context:include-filter type="aspectj"
			expression="com.ccnet.*.controller..*Controller" />
		<context:include-filter type="aspectj"
			expression="com.ccnet.*.*.controller..*Controller" />
	</context:component-scan>

	<bean
		class="org.springframework.web.servlet.mvc.annotation.DefaultAnnotationHandlerMapping" />

	<!-- <bean class="org.springframework.web.servlet.mvc.annotation.AnnotationMethodHandlerAdapter"> 
		<property name="messageConverters"> <list> <ref bean="stringHttpMessageConverter" 
		/> <ref bean="mappingJacksonHttpMessageConverter" /> </list> </property> 
		</bean> <bean id="stringHttpMessageConverter" class="org.springframework.http.converter.StringHttpMessageConverter"> 
		<property name="supportedMediaTypes"> <list> <value>text/plain;charset=UTF-8</value> 
		</list> </property> <property name="writeAcceptCharset" value="false" /> 
		</bean> <bean id="mappingJacksonHttpMessageConverter" class="org.springframework.http.converter.json.MappingJackson2HttpMessageConverter"> 
		<property name="supportedMediaTypes"> <list> <value>text/html;charset=UTF-8</value> 
		<value>text/json;charset=UTF-8</value> <value>application/json;charset=UTF-8</value> 
		</list> </property> </bean> -->

	<!-- 避免IE执行AJAX时,返回JSON出现下载文件 -->
	<mvc:annotation-driven>
		<mvc:message-converters register-defaults="true">
			<bean
				class="org.springframework.http.converter.json.MappingJackson2HttpMessageConverter">
				<property name="supportedMediaTypes">
					<list>
						<value>text/html;charset=UTF-8</value>
						<value>text/json;charset=UTF-8</value>
						<value>application/json;charset=UTF-8</value>
					</list>
				</property>
			</bean>
		</mvc:message-converters>
	</mvc:annotation-driven>

	<mvc:interceptors>
		<mvc:interceptor>
			<mvc:mapping path="/api/**" />
			<bean class="com.ccnet.api.interceptor.OpenIntercept"></bean>
		</mvc:interceptor>
	</mvc:interceptors>

	<!-- 配置文件上传，如果没有使用文件上传可以不用配置，当然如果不配，那么配置文件中也不必引入上传组件包 -->
	<bean id="multipartResolver"
		class="org.springframework.web.multipart.commons.CommonsMultipartResolver">
		<!-- 默认编码 -->
		<property name="defaultEncoding" value="utf-8" />
		<!-- 文件大小最大值 -->
		<property name="maxUploadSize" value="1048576000" />
		<!-- 内存中的最大值 -->
		<property name="maxInMemorySize" value="40960" />
	</bean>

	<!-- 根据客户端的不同的请求决定不同的view进行响应, 如 /blog/1.json /blog/1.xml -->
	<bean
		class="org.springframework.web.servlet.view.ContentNegotiatingViewResolver">
		<property name="ignoreAcceptHeader" value="true" />
		<property name="defaultContentType" value="text/html" />

		<property name="favorPathExtension" value="false" />

		<!-- 扩展名至mimeType的映射,即 /user.json => application/json -->
		<property name="mediaTypes">
			<map>
				<entry key="json" value="application/json" />
				<entry key="xml" value="application/xml" />
			</map>
		</property>
		<!-- 用于开启 /userinfo/123?format=json 的支持 -->
		<property name="favorParameter" value="true" />
	</bean>

	<!-- 对静态资源文件的访问 restful -->
	<mvc:resources mapping="/static/**" location="/,/static/" />
	<!--<mvc:resources mapping="/plugins/**" location="/,/plugins/" /> <mvc:resources 
		mapping="/uploadFiles/**" location="/,/uploadFiles/" /> -->

	<!-- 允许对静态资源文件的访问 -->
	<mvc:default-servlet-handler />

	<mvc:annotation-driven>
		<mvc:argument-resolvers>
			<bean class="com.ccnet.core.shiro.CurrentUserMethodArgumentResolver" />
		</mvc:argument-resolvers>
	</mvc:annotation-driven>

	<!-- 控制器异常处理 -->
	<bean id="exceptionHandlerExceptionResolver"
		class="org.springframework.web.servlet.mvc.method.annotation.ExceptionHandlerExceptionResolver" />

	<bean class="com.ccnet.core.shiro.DefaultExceptionHandler" />


	<bean id="viewResolver"
		class="org.springframework.web.servlet.view.InternalResourceViewResolver">
		<property name="viewClass"
			value="org.springframework.web.servlet.view.JstlView" />
		<property name="contentType" value="text/html" />
		<property name="prefix" value="/views/"></property>
		<property name="suffix" value=".jsp"></property>
	</bean>







</beans>
