<?xml version="1.0" encoding="UTF-8"?>
<beans xmlns="http://www.springframework.org/schema/beans"
	xmlns:xsi="http://www.w3.org/2001/XMLSchema-instance" xmlns:p="http://www.springframework.org/schema/p"
	xsi:schemaLocation="http://www.springframework.org/schema/beans http://www.springframework.org/schema/beans/spring-beans-4.1.xsd">

    <import resource="spring-env.xml"/>
    <import resource="spring-application.xml"/>
    <import resource="spring-datasource.xml"/>
    <import resource="spring-shiro.xml"/>
    <import resource="ActiveMQ.xml"/>
    <import resource="hessian-context.xml"/>
    <import resource="spring-context-jedis.xml"/>
	
	<!--  
	<import resource="spring-datasource.xml" />-->
    
	<bean class="org.springframework.web.servlet.handler.BeanNameUrlHandlerMapping" p:order="1" />
	<bean class="org.springframework.web.servlet.mvc.HttpRequestHandlerAdapter" />
			
</beans>                
