<?xml version="1.0" encoding="UTF-8"?>
<beans xmlns="http://www.springframework.org/schema/beans" xmlns:xsi="http://www.w3.org/2001/XMLSchema-instance"
	xmlns:context="http://www.springframework.org/schema/context" xsi:schemaLocation="
		http://www.springframework.org/schema/beans http://www.springframework.org/schema/beans/spring-beans-3.2.xsd
		http://www.springframework.org/schema/context  http://www.springframework.org/schema/context/spring-context-3.2.xsd"
	default-lazy-init="true">
 
	<description>Jedis Configuration</description>
    <!-- 加载配置属性文件 
	<context:property-placeholder ignore-unresolvable="true" location="classpath*:yjlm.redis.properties" />-->
	<!-- 对象资源池初始化配置  -->
	<bean id="jedisPoolConfig" class="redis.clients.jedis.JedisPoolConfig">
	    <property name="maxTotal" value="${redis.pool.maxTotal}"/>
		<property name="maxIdle" value="${redis.pool.maxIdle}" />
		<property name="minIdle" value="${redis.pool.minIdle}"/>
		<property name="maxWaitMillis" value="${redis.pool.maxWaitMillis}"/>
		<property name="testOnBorrow" value="${redis.pool.testOnBorrow}" />
		<property name="testOnReturn" value="${redis.pool.testOnReturn}" />
		<property name="testWhileIdle" value="${redis.pool.testWhileIdle}" />
		<property name="numTestsPerEvictionRun" value="${redis.pool.numTestsPerEvictionRun}" />
		<property name="timeBetweenEvictionRunsMillis" value="${redis.pool.timeBetweenEvictionRunsMillis}" />
	</bean>
	<!-- redis 单机资源池 -->
	<bean id="jedisPool" class="redis.clients.jedis.JedisPool" scope="singleton"  lazy-init="true" >
	    <constructor-arg  index="0"  ref="jedisPoolConfig" />  
	    <constructor-arg  index="1"  value="${redis.ip}" />  
	    <constructor-arg  index="2"  value="${redis.port}" type="int" />
	    <constructor-arg  index="3"  value="${redis.timeout}" type="int" />
	    <constructor-arg  index="4"  value="${redis.auth}" />  
	</bean>
</beans>
