<?xml version="1.0" encoding="UTF-8"?>
<beans xmlns="http://www.springframework.org/schema/beans"
	xmlns:xsi="http://www.w3.org/2001/XMLSchema-instance" xmlns:aop="http://www.springframework.org/schema/aop"
	xmlns:context="http://www.springframework.org/schema/context" xmlns:tx="http://www.springframework.org/schema/tx"
	xsi:schemaLocation="http://www.springframework.org/schema/beans 
						http://www.springframework.org/schema/beans/spring-beans.xsd
						http://www.springframework.org/schema/aop 
						http://www.springframework.org/schema/aop/spring-aop.xsd
						http://www.springframework.org/schema/context 
						http://www.springframework.org/schema/context/spring-context.xsd
						http://www.springframework.org/schema/tx 
						http://www.springframework.org/schema/tx/spring-tx.xsd">

	<description>Spring Configuration</description>

	<!-- 启用注解 -->
	<context:annotation-config />

	<!-- 启动组件扫描，排除@Controller组件，该组件由SpringMVC配置文件扫描 -->
	<context:component-scan base-package="com.ccnet">
		<context:exclude-filter type="annotation"
			expression="org.springframework.stereotype.Controller" />
		<context:exclude-filter type="regex"
			expression="com.ccnet.core.task.*" />
		<context:exclude-filter type="regex"
			expression="com.ccnet.core.service.TaskScheduleService" />
		<context:exclude-filter type="regex"
			expression="com.ccnet.core.service.impl.TaskScheduleServiceImpl" />
	</context:component-scan>

	<bean id="SpringContextUtil" class="com.ccnet.web.SpringWebContextUtilUser" />
	
</beans>